Year,Month,Day,DayOfWeek,IsWeekend,Total_Orders,lag_1,lag_2,lag_7,rolling_7,rolling_3,Total_Revenue
2009,12,8,1,0,2189,45083.35,24613.64,54513.5,44590.98285714286,26500.013333333332,49517.23
2009,12,9,2,0,2433,49517.23,45083.35,63352.51,43877.229999999996,39738.073333333334,40616.090000000004
2009,12,10,3,0,2403,40616.090000000004,49517.23,74037.91,40629.17,45072.22333333333,44442.11
2009,12,11,4,0,1439,44442.11,40616.090000000004,40732.92,36401.19857142858,44858.47666666666,39659.6
2009,12,13,6,1,1767,39659.6,44442.11,9803.05,36247.86714285715,41572.6,22313.09
2009,12,14,0,0,4064,22313.09,39659.6,24613.64,38035.01571428571,35471.6,73327.66
2009,12,15,1,0,1973,73327.66,22313.09,45083.35,44994.16142857143,45100.11666666667,50340.24
2009,12,16,2,0,3207,50340.24,73327.66,49517.23,45745.14571428572,48660.329999999994,52792.25
2009,12,17,3,0,1866,52792.25,50340.24,40616.090000000004,46213.00571428571,58820.049999999996,31239.47
2009,12,18,4,0,2033,31239.47,52792.25,44442.11,44873.48857142857,44790.65333333333,42588.09
2009,12,20,6,1,628,42588.09,31239.47,39659.6,44608.62857142857,42206.60333333333,11450.68
2009,12,21,0,0,619,11450.68,42588.09,22313.09,40578.782857142854,28426.08,16367.84
2009,12,22,1,0,1846,16367.84,11450.68,73327.66,39729.461428571434,23468.87,28023.43
2009,12,23,2,0,526,28023.43,16367.84,50340.24,33257.428571428565,18613.983333333334,10871.1
2010,1,4,0,0,607,10871.1,28023.43,52792.25,27618.98,18420.79,13481.25
2010,1,5,1,0,910,13481.25,10871.1,31239.47,22003.122857142855,17458.593333333334,19199.29
2010,1,6,2,0,293,19199.29,13481.25,42588.09,20283.097142857143,14517.213333333333,8746.18
2010,1,7,3,0,986,8746.18,19199.29,11450.68,15448.53857142857,13808.906666666668,73085.74
2010,1,8,4,0,711,73085.74,8746.18,16367.84,24253.547142857144,33677.07,30319.05
2010,1,10,6,1,700,30319.05,73085.74,28023.43,26246.577142857142,37383.65666666667,23688.600000000002
2010,1,11,0,0,2662,23688.600000000002,30319.05,10871.1,25627.315714285716,42364.46333333334,37887.26
2010,1,12,1,0,1079,37887.26,23688.600000000002,13481.25,29486.767142857145,30631.63666666667,40856.53
2010,1,13,2,0,1587,40856.53,37887.26,19199.29,33397.52142857143,34144.13,22489.07
2010,1,14,3,0,2172,22489.07,40856.53,8746.18,33867.490000000005,33744.286666666674,31672.73
2010,1,15,4,0,643,31672.73,22489.07,73085.74,37142.71142857143,31672.77666666667,13515.89
2010,1,17,6,1,1114,13515.89,31672.73,30319.05,28632.73285714286,22559.23,17578.24
2010,1,18,0,0,1889,17578.24,13515.89,23688.600000000002,26812.617142857143,20922.286666666667,21451.56
2010,1,19,1,0,1853,21451.56,17578.24,37887.26,26493.04,17515.23,33352.561
2010,1,20,2,0,1133,33352.561,21451.56,40856.53,25845.225857142857,24127.453666666668,19140.16
2010,1,21,3,0,1152,19140.16,33352.561,22489.07,22742.88728571429,24648.093666666668,27391.96
2010,1,22,4,0,1463,27391.96,19140.16,31672.73,23443.30014285714,26628.227,36814.82
2010,1,24,6,1,1268,36814.82,27391.96,13515.89,24177.884428571433,27782.313333333335,16070.24
2010,1,25,0,0,1663,16070.24,36814.82,17578.24,24542.79157142857,26759.006666666668,23045.6
2010,1,26,1,0,1494,23045.6,16070.24,21451.56,25323.843,25310.22,47243.840000000004
2010,1,27,2,0,1520,47243.840000000004,23045.6,33352.561,29008.45442857143,28786.559999999998,28703.6
2010,1,28,3,0,1190,28703.6,47243.840000000004,19140.16,28344.317142857144,32997.68,19865.670000000002
2010,1,29,4,0,1156,19865.670000000002,28703.6,27391.96,28447.96142857143,31937.703333333335,28403.981
2010,1,31,6,1,1393,28403.981,19865.670000000002,36814.82,28592.53585714286,25657.750333333333,18704.68
2010,2,1,0,0,1381,18704.68,28403.981,16070.24,26005.373,22324.777000000002,19831.431
2010,2,2,1,0,1157,19831.431,18704.68,23045.6,26542.686000000005,22313.364,21696.7
2010,2,3,2,0,1443,21696.7,19831.431,47243.840000000004,26349.986,20077.603666666666,21450.191
2010,2,4,3,0,1511,21450.191,21696.7,28703.6,22665.179,20992.774,22676.5
2010,2,5,4,0,948,22676.5,21450.191,19865.670000000002,21804.164714285715,21941.130333333334,21931.04
2010,2,7,6,1,813,21931.04,22676.5,28403.981,22099.21757142857,22019.243666666665,17078.21
2010,2,8,0,0,1329,17078.21,21931.04,18704.68,20481.250285714286,20561.916666666668,17438.52
2010,2,9,1,0,1051,17438.52,17078.21,19831.431,20300.370285714285,18815.923333333332,19666.54
2010,2,10,2,0,860,19666.54,17438.52,21696.7,20276.81442857143,18061.09,9583.09
2010,2,11,3,0,815,9583.09,19666.54,21450.191,18546.298714285713,15562.716666666665,15114.4
2010,2,12,4,0,772,15114.4,9583.09,22676.5,17641.185714285715,14788.01,11393.61
2010,2,14,6,1,1186,11393.61,15114.4,21931.04,16029.344285714285,12030.366666666667,17914.45
2010,2,15,0,0,885,17914.45,11393.61,17078.21,15455.545714285716,14807.48666666667,40869.581
2010,2,16,1,0,1890,40869.581,17914.45,17438.52,18854.313,23392.547000000002,31203.68
2010,2,17,2,0,1008,31203.68,40869.581,19666.54,20820.76442857143,29995.903666666665,26616.23
2010,2,18,3,0,1343,26616.23,31203.68,9583.09,21813.577285714284,32896.496999999996,35811.19
2010,2,19,4,0,1625,35811.19,26616.23,15114.4,25560.448714285714,31210.36666666667,27254.86
2010,2,21,6,1,919,27254.86,35811.19,11393.61,27294.800142857148,29894.093333333334,11477.911
2010,2,22,0,0,1111,11477.911,27254.86,17914.45,27306.843142857142,24847.987000000005,26359.13
2010,2,23,1,0,1148,26359.13,11477.911,40869.581,28513.226,21697.300333333333,22707.44
2010,2,24,2,0,1319,22707.44,26359.13,31203.68,25918.634428571426,20181.493666666665,33086.291
2010,2,25,3,0,1504,33086.291,22707.44,26616.23,26187.57885714286,27384.287,46642.82
2010,2,26,4,0,980,46642.82,33086.291,35811.19,29048.520285714283,34145.517,16703.701
2010,2,28,6,1,1282,16703.701,46642.82,27254.86,26318.878999999997,32144.270666666667,16917.02
2010,3,1,0,0,1180,16917.02,16703.701,11477.911,24842.04471428572,26754.513666666666,25831.21
2010,3,2,1,0,1519,25831.21,16917.02,26359.13,26892.516,19817.31033333333,26423.87
2010,3,3,2,0,1726,26423.87,25831.21,22707.44,26901.764571428568,23057.36666666667,34114.91
2010,3,4,3,0,1891,34114.91,26423.87,33086.291,28531.403142857143,28789.996666666662,32369.19
2010,3,5,4,0,1263,32369.19,34114.91,46642.82,28428.960142857144,30969.323333333334,27684.73
2010,3,7,6,1,1778,27684.73,32369.19,16703.701,25720.66157142857,31389.610000000004,20001.22
2010,3,8,0,0,1928,20001.22,27684.73,16917.02,26191.735714285718,26685.046666666665,37256.01
2010,3,9,1,0,1157,37256.01,20001.22,25831.21,29097.30571428571,28313.986666666664,22035.75
2010,3,10,2,0,1570,22035.75,37256.01,26423.87,28555.097142857143,26430.993333333336,27547.43
2010,3,11,3,0,1285,27547.43,22035.75,34114.91,28715.605714285713,28946.396666666667,24591.91
2010,3,12,4,0,906,24591.91,27547.43,32369.19,27355.17714285714,24725.03,21712.54
2010,3,14,6,1,668,21712.54,24591.91,27684.73,25832.79857142857,24617.293333333335,9032.7
2010,3,15,0,0,1656,9032.7,21712.54,20001.22,23168.222857142857,18445.716666666667,27662.451
2010,3,16,1,0,1302,27662.451,9032.7,37256.01,24262.684428571432,19469.230333333337,24059.94
2010,3,17,2,0,1268,24059.94,27662.451,22035.75,22377.531571428575,20251.697,25680.84
2010,3,18,3,0,1574,25680.84,24059.94,27547.43,22898.258714285716,25801.077,41145.01
2010,3,19,4,0,1360,41145.01,25680.84,24591.91,24840.77014285714,30295.263333333336,45764.45
2010,3,21,6,1,1371,45764.45,41145.01,21712.54,27865.418714285715,37530.1,20873.23
2010,3,22,0,0,1481,20873.23,45764.45,9032.7,27745.517285714286,35927.56333333333,25614.49
2010,3,23,1,0,1296,25614.49,20873.23,27662.451,30114.34442857143,30750.72333333333,56488.73
2010,3,24,2,0,1483,56488.73,25614.49,24059.94,34232.38428571429,34325.48333333334,30179.26
2010,3,25,3,0,1866,30179.26,56488.73,25680.84,35106.572857142855,37427.49333333334,38993.08
2010,3,26,4,0,1354,38993.08,30179.26,41145.01,37008.32142857143,41887.02333333334,32546.05
2010,3,28,6,1,1834,32546.05,38993.08,45764.45,35779.898571428566,33906.13,22562.62
2010,3,29,0,0,1960,22562.62,32546.05,20873.23,32465.35142857143,31367.25,59935.770000000004
2010,3,30,1,0,1815,59935.770000000004,22562.62,25614.49,38045.71428571428,38348.14666666667,38630.01
2010,3,31,2,0,1869,38630.01,59935.770000000004,56488.73,39905.07428571429,40376.13333333333,29718.33
2010,4,1,3,0,1681,29718.33,38630.01,30179.26,36080.73142857143,42761.37,30823.15
2010,4,6,1,0,1087,30823.15,29718.33,38993.08,36172.71571428572,33057.16333333334,19476.52
2010,4,7,2,0,1371,19476.52,30823.15,32546.05,33384.635714285716,26672.666666666668,34590.91
2010,4,8,3,0,1999,34590.91,19476.52,22562.62,33676.758571428574,28296.86,47626.52
2010,4,9,4,0,910,47626.52,34590.91,59935.770000000004,37257.315714285716,33897.98333333333,16988.42
2010,4,11,6,1,1111,16988.42,47626.52,38630.01,31121.980000000003,33068.61666666666,19967.32
2010,4,12,0,0,948,19967.32,16988.42,29718.33,28455.881428571425,28194.08666666666,27221.411
2010,4,13,1,0,1245,27221.411,19967.32,30823.15,28099.178714285717,21392.383666666665,26027.6
2010,4,14,2,0,1092,26027.6,27221.411,19476.52,27414.100142857144,24405.443666666662,27214.08
2010,4,15,3,0,1140,27214.08,26027.6,34590.91,28519.465857142855,26821.03033333333,29613.48
2010,4,16,4,0,855,29613.48,27214.08,47626.52,27808.40442857143,27618.38666666666,19561.05
2010,4,18,6,1,1451,19561.05,29613.48,16988.42,23799.051571428572,25462.869999999995,24096.88
2010,4,19,0,0,3105,24096.88,19561.05,19967.32,24814.545857142857,24423.80333333333,45287.87
2010,4,20,1,0,1522,45287.87,24096.88,27221.411,28431.767285714282,29648.600000000002,29204.7
2010,4,21,2,0,1305,29204.7,45287.87,26027.6,28715.094285714287,32863.15,29469.46
2010,4,22,3,0,1411,29469.46,29204.7,27214.08,29206.78857142857,34654.01,43505.03
2010,4,23,4,0,1136,43505.03,29469.46,29613.48,31534.067142857144,34059.73,16737.31
2010,4,25,6,1,1319,16737.31,43505.03,19561.05,29694.614285714284,29903.933333333334,16774.12
2010,4,26,0,0,1937,16774.12,16737.31,24096.88,29296.481428571427,25672.153333333332,36270.85
2010,4,27,1,0,1643,36270.85,16774.12,45287.87,31035.62,23260.76,46378.58
2010,4,28,2,0,1777,46378.58,36270.85,29204.7,31191.43571428571,33141.183333333334,32562.56
2010,4,29,3,0,2019,32562.56,46378.58,29469.46,31671.13,38403.996666666666,32848.171
2010,4,30,4,0,1204,32848.171,32562.56,43505.03,32153.802999999996,37263.10366666667,29283.0
2010,5,2,6,1,840,29283.0,32848.171,16737.31,30122.08442857143,31564.577,12367.83
2010,5,4,1,0,1390,12367.83,29283.0,16774.12,29497.873,24833.000333333333,22745.04
2010,5,5,2,0,1511,22745.04,12367.83,36270.85,30350.861571428573,21465.29,28118.53
2010,5,6,3,0,2057,28118.53,22745.04,46378.58,29186.24442857143,21077.133333333335,54666.13
2010,5,7,4,0,1333,54666.13,28118.53,32562.56,30370.18014285714,35176.566666666666,35769.25
2010,5,9,6,1,1749,35769.25,54666.13,32848.171,30828.278714285716,39517.97,23143.29
2010,5,10,0,0,1570,23143.29,35769.25,29283.0,29441.867142857143,37859.55666666667,32948.68
2010,5,11,1,0,1668,32948.68,23143.29,12367.83,29965.535714285714,30620.406666666666,28780.12
2010,5,12,2,0,1240,28780.12,32948.68,22745.04,32310.148571428574,28290.696666666667,31407.31
2010,5,13,3,0,1329,31407.31,28780.12,28118.53,33547.61571428571,31045.37,41108.4
2010,5,14,4,0,801,41108.4,31407.31,54666.13,35403.311428571425,33765.276666666665,18895.91
2010,5,16,6,1,1496,18895.91,41108.4,35769.25,30293.28,30470.540000000005,18478.89
2010,5,17,0,0,1365,18478.89,18895.91,23143.29,27823.22857142857,26161.066666666666,25562.62
2010,5,18,1,0,1485,25562.62,18478.89,32948.68,28168.847142857143,20979.14,29021.78
2010,5,19,2,0,1177,29021.78,25562.62,28780.12,27607.861428571432,24354.429999999997,17831.08
2010,5,20,3,0,1591,17831.08,29021.78,31407.31,26043.712857142855,24138.493333333332,25782.58
2010,5,21,4,0,1277,25782.58,17831.08,41108.4,25240.18,24211.813333333335,27340.92
2010,5,23,6,1,1327,27340.92,25782.58,18895.91,23273.397142857142,23651.52666666667,25457.97
2010,5,24,0,0,1398,25457.97,27340.92,18478.89,24210.834285714285,26193.823333333334,35831.33
2010,5,25,1,0,1370,35831.33,25457.97,25562.62,26689.75428571429,29543.406666666666,22463.37
2010,5,26,2,0,1808,22463.37,35831.33,29021.78,26247.00428571429,27917.556666666667,38438.24
2010,5,27,3,0,2021,38438.24,22463.37,17831.08,27592.212857142855,32244.313333333335,30978.43
2010,5,28,4,0,1197,30978.43,38438.24,25782.58,29470.405714285713,30626.680000000004,21906.2
2010,5,30,6,1,795,21906.2,30978.43,27340.92,28916.637142857147,30440.95666666667,10814.960000000001
2010,6,1,1,0,1207,10814.960000000001,21906.2,25457.97,26555.785714285714,21233.196666666667,15732.15
2010,6,2,2,0,952,15732.15,10814.960000000001,35831.33,25166.382857142857,16151.103333333333,16236.29
2010,6,3,3,0,1631,16236.29,15732.15,22463.37,22367.091428571428,14261.133333333333,29651.8
2010,6,4,4,0,1373,29651.8,16236.29,38438.24,23394.010000000002,20540.08,21273.58
2010,6,6,6,1,2208,21273.58,29651.8,30978.43,20941.915714285715,22387.22333333333,25686.0
2010,6,7,0,0,2608,25686.0,21273.58,21906.2,20185.854285714286,25537.126666666667,49759.94
2010,6,8,1,0,2043,49759.94,25686.0,10814.960000000001,24164.96,32239.84,54433.03
2010,6,9,2,0,1424,54433.03,49759.94,15732.15,30396.11285714286,43292.99,38414.69
2010,6,10,3,0,1005,38414.69,54433.03,16236.29,33636.47571428572,47535.886666666665,18389.4
2010,6,11,4,0,1743,18389.4,38414.69,29651.8,33944.06285714286,37079.04,37802.25
2010,6,13,6,1,1453,37802.25,18389.4,21273.58,35108.41285714286,31535.446666666667,21616.44
2010,6,14,0,0,1589,21616.44,37802.25,25686.0,35157.392857142855,25936.03,24375.41
2010,6,15,1,0,1523,24375.41,21616.44,49759.94,34970.165714285715,27931.36666666667,30542.48
2010,6,16,2,0,1823,30542.48,24375.41,54433.03,32224.81428571429,25511.443333333333,31335.03
2010,6,17,3,0,1761,31335.03,30542.48,38414.69,28925.100000000002,28750.97333333333,58225.94
2010,6,18,4,0,953,58225.94,31335.03,18389.4,31755.278571428575,40034.48333333334,18800.68
2010,6,20,6,1,439,18800.68,58225.94,37802.25,31814.032857142858,36120.55,9113.43
2010,6,21,0,0,1774,9113.43,18800.68,21616.44,27715.63,28713.350000000006,21159.71
2010,6,22,1,0,1001,21159.71,9113.43,24375.41,27650.382857142857,16357.940000000002,14749.68
2010,6,23,2,0,1219,14749.68,21159.71,30542.48,26275.278571428575,15007.606666666668,27848.739999999998
2010,6,24,3,0,1485,27848.739999999998,14749.68,31335.03,25890.45857142857,21252.710000000003,26729.66
2010,6,25,4,0,1198,26729.66,27848.739999999998,58225.94,25232.54857142857,23109.36,17719.42
2010,6,27,6,1,1254,17719.42,26729.66,18800.68,19445.902857142857,24099.273333333334,18834.32
2010,6,28,0,0,1827,18834.32,17719.42,9113.43,19450.70857142857,21094.46666666667,53998.72
2010,6,29,1,0,1589,53998.72,18834.32,21159.71,25862.89285714286,30184.153333333335,35141.21
2010,6,30,2,0,1818,35141.21,53998.72,14749.68,27860.25,35991.416666666664,34700.14
2010,7,1,3,0,1810,34700.14,35141.21,27848.739999999998,30710.315714285716,41280.02333333334,30314.81
2010,7,2,4,0,1041,30314.81,34700.14,26729.66,31062.61142857143,33385.38666666667,16893.27
2010,7,4,6,1,679,16893.27,30314.81,17719.42,29657.412857142856,27302.740000000005,10493.66
2010,7,5,0,0,1885,10493.66,16893.27,18834.32,28625.161428571428,19233.91333333334,32895.2
2010,7,6,1,0,1098,32895.2,10493.66,53998.72,30633.858571428573,20094.04333333334,23503.99
2010,7,7,2,0,1720,23503.99,32895.2,35141.21,26277.46857142857,22297.616666666672,32252.99
2010,7,8,3,0,1311,32252.99,23503.99,34700.14,25864.865714285716,29550.726666666673,20301.63
2010,7,9,4,0,882,20301.63,32252.99,30314.81,23807.93571428571,25352.87000000001,37271.94
2010,7,11,6,1,706,37271.94,20301.63,16893.27,24801.81142857143,29942.186666666676,7856.43
2010,7,12,0,0,1199,7856.43,37271.94,10493.66,23510.834285714285,21810.00000000001,19885.9
2010,7,13,1,0,1142,19885.9,7856.43,32895.2,24852.58285714286,21671.423333333343,21056.39
2010,7,14,2,0,1360,21056.39,19885.9,23503.99,23161.324285714283,16266.240000000007,23860.81
2010,7,15,3,0,1571,23860.81,21056.39,32252.99,23212.29857142857,21601.03333333334,56662.69
2010,7,16,4,0,1128,56662.69,23860.81,20301.63,26699.398571428574,33859.96333333334,22603.54
2010,7,18,6,1,884,22603.54,56662.69,37271.94,27028.242857142857,34375.68000000001,15214.11
2010,7,19,0,0,1432,15214.11,22603.54,7856.43,23877.124285714286,31493.446666666674,30567.61
2010,7,20,1,0,1164,30567.61,15214.11,19885.9,27121.578571428574,22795.086666666673,24853.87
2010,7,21,2,0,1222,24853.87,30567.61,21056.39,27831.288571428573,23545.196666666674,22396.05
2010,7,22,3,0,1584,22396.05,24853.87,23860.81,28022.66857142857,25939.176666666677,26860.99
2010,7,23,4,0,1033,26860.99,22396.05,56662.69,28451.265714285717,24703.636666666673,25904.96
2010,7,25,6,1,1266,25904.96,26860.99,22603.54,24057.304285714286,25054.00000000001,17431.3
2010,7,26,0,0,1474,17431.3,25904.96,15214.11,23318.412857142856,23399.083333333343,25205.76
2010,7,27,1,0,1029,25205.76,17431.3,30567.61,24745.79142857143,22847.340000000007,28490.87
2010,7,28,2,0,1312,28490.87,25205.76,24853.87,24449.114285714284,23709.31000000001,23364.32
2010,7,29,3,0,1834,23364.32,28490.87,22396.05,24236.321428571428,25686.983333333337,38422.54
2010,7,30,4,0,737,38422.54,23364.32,26860.99,26525.82,30092.576666666675,16147.31
2010,8,1,6,1,875,16147.31,38422.54,25904.96,24995.294285714284,25978.056666666675,30724.29
2010,8,2,0,0,1144,30724.29,16147.31,17431.3,25683.769999999997,28431.380000000005,29175.51
2010,8,3,1,0,1493,29175.51,30724.29,25205.76,27361.514285714286,25349.03666666667,26943.48
2010,8,4,2,0,1387,26943.48,29175.51,28490.87,27609.760000000002,28947.76000000001,21425.14
2010,8,5,3,0,1325,21425.14,26943.48,23364.32,26600.37,25848.04333333334,24508.48
2010,8,6,4,0,560,24508.48,21425.14,38422.54,26763.821428571428,24292.366666666672,15219.6
2010,8,8,6,1,897,15219.6,24508.48,16147.31,23449.115714285716,20384.406666666673,14147.14
2010,8,9,0,0,880,14147.14,15219.6,30724.29,23163.37714285714,17958.406666666673,31711.09
2010,8,10,1,0,1740,31711.09,14147.14,29175.51,23304.34857142857,20359.276666666672,35820.32
2010,8,11,2,0,1022,35820.32,31711.09,26943.48,24253.60714285714,27226.183333333338,23719.39
2010,8,12,3,0,1764,23719.39,35820.32,21425.14,23793.022857142856,30416.933333333338,29123.13
2010,8,13,4,0,1463,29123.13,23719.39,24508.48,24892.735714285714,29554.28000000001,37403.7
2010,8,15,6,1,1070,37403.7,29123.13,15219.6,26734.91,30082.073333333345,22356.69
2010,8,16,0,0,1009,22356.69,37403.7,14147.14,27754.494285714285,29627.840000000007,20880.2
2010,8,17,1,0,929,20880.2,22356.69,31711.09,28716.359999999997,26880.196666666674,30395.63
2010,8,18,2,0,1620,30395.63,20880.2,35820.32,28528.437142857143,24544.17333333334,37239.15
2010,8,19,3,0,1524,37239.15,30395.63,23719.39,28731.12714285714,29504.993333333343,33052.15
2010,8,20,4,0,1286,33052.15,37239.15,29123.13,30064.37857142857,33562.310000000005,25550.79
2010,8,22,6,1,1365,25550.79,33052.15,37403.7,29554.044285714284,31947.363333333342,22766.81
2010,8,23,0,0,1156,22766.81,25550.79,22356.69,27463.059999999998,27123.25000000001,21901.25
2010,8,24,1,0,1135,21901.25,22766.81,20880.2,27397.997142857144,23406.283333333344,27485.09
2010,8,25,2,0,1611,27485.09,21901.25,30395.63,28341.552857142855,24051.050000000007,31715.03
2010,8,26,3,0,1658,31715.03,27485.09,37239.15,28530.03857142857,27033.790000000008,35363.46
2010,8,27,4,0,998,35363.46,31715.03,33052.15,28262.08285714286,31521.193333333344,18173.14
2010,8,29,6,1,811,18173.14,35363.46,25550.79,26136.510000000002,28417.210000000006,14509.78
2010,8,31,1,0,1751,14509.78,18173.14,22766.81,24559.222857142857,22682.126666666678,35964.47
2010,9,1,2,0,980,35964.47,14509.78,21901.25,26444.602857142858,22882.463333333344,23367.55
2010,9,2,3,0,1608,23367.55,35964.47,27485.09,26654.074285714283,24613.933333333345,36501.87
2010,9,3,4,0,1028,36501.87,23367.55,31715.03,27942.18571428571,31944.63000000001,37258.14
2010,9,5,6,1,812,37258.14,36501.87,35363.46,28734.058571428573,32375.853333333343,12389.65
2010,9,6,0,0,1565,12389.65,37258.14,18173.14,25452.085714285717,28716.55333333334,28785.63
2010,9,7,1,0,1141,28785.63,12389.65,14509.78,26968.155714285713,26144.473333333342,27498.31
2010,9,8,2,0,1084,27498.31,28785.63,35964.47,28823.66,22891.196666666674,17635.87
2010,9,9,3,0,1611,17635.87,27498.31,23367.55,26205.28857142857,24639.936666666676,25798.99
2010,9,10,4,0,993,25798.99,17635.87,36501.87,26552.637142857147,23644.39000000001,17639.27
2010,9,12,6,1,1325,17639.27,25798.99,37258.14,23857.980000000003,20358.043333333346,15762.29
2010,9,13,0,0,1969,15762.29,17639.27,12389.65,20787.144285714287,19733.516666666677,38443.68
2010,9,14,1,0,1286,38443.68,15762.29,28785.63,24509.148571428574,23948.41333333334,21261.079999999998
2010,9,15,2,0,1387,21261.079999999998,38443.68,27498.31,23434.212857142855,25155.683333333345,34838.27
2010,9,16,3,0,1610,34838.27,21261.079999999998,17635.87,24482.778571428575,31514.34333333334,40432.691
2010,9,17,4,0,1107,40432.691,34838.27,25798.99,27739.467285714287,32177.34700000001,21501.73
2010,9,19,6,1,1979,21501.73,40432.691,17639.27,27125.572999999997,32257.563666666672,23096.14
2010,9,20,0,0,1816,23096.14,21501.73,15762.29,27905.125857142855,28343.520333333345,43949.12
2010,9,21,1,0,2381,43949.12,23096.14,38443.68,31931.815857142854,29515.66333333334,62951.83
2010,9,22,2,0,1470,62951.83,43949.12,21261.079999999998,35432.98014285714,43332.36333333334,30623.8
2010,9,23,3,0,1988,30623.8,62951.83,34838.27,36770.51157142857,45841.58333333334,36287.77
2010,9,24,4,0,1543,36287.77,30623.8,40432.691,36977.583,43287.80000000001,50511.18
2010,9,26,6,1,1451,50511.18,36287.77,21501.73,38417.36714285715,39140.91666666668,21905.72
2010,9,27,0,0,2265,21905.72,50511.18,23096.14,38475.08,36234.89000000001,118909.67
2010,9,28,1,0,2737,118909.67,21905.72,43949.12,52162.72714285714,63775.523333333345,46550.84
2010,9,29,2,0,1866,46550.84,118909.67,62951.83,52534.40142857143,62455.41000000001,38789.98
2010,9,30,3,0,2107,38789.98,46550.84,30623.8,49082.708571428564,68083.49666666669,51641.94
2010,10,1,4,0,1699,51641.94,38789.98,36287.77,52085.299999999996,45660.92000000001,38701.58
2010,10,3,6,1,2267,38701.58,51641.94,50511.18,52430.13,43044.50000000001,38809.35
2010,10,4,0,0,2090,38809.35,38701.58,21905.72,50758.439999999995,43050.95666666667,39399.48
2010,10,5,1,0,2655,39399.48,38809.35,118909.67,53257.548571428575,38970.13666666668,84879.59
2010,10,6,2,0,1288,84879.59,39399.48,46550.84,48396.10857142857,54362.80666666668,30927.6
2010,10,7,3,0,3561,30927.6,84879.59,38789.98,46164.217142857146,51735.55666666668,54453.87
2010,10,8,4,0,1983,54453.87,30927.6,51641.94,48401.91571428572,56753.686666666676,60336.02
2010,10,10,6,1,1718,60336.02,54453.87,38701.58,49643.927142857145,48572.49666666667,23197.98
2010,10,11,0,0,2449,23197.98,60336.02,38809.35,47429.127142857134,45995.95666666667,43509.87
2010,10,12,1,0,2426,43509.87,23197.98,39399.48,48100.630000000005,42347.95666666667,50013.95
2010,10,13,2,0,2168,50013.95,43509.87,84879.59,49616.98285714286,38907.26666666668,57949.72
2010,10,14,3,0,2009,57949.72,50013.95,30927.6,45769.85857142857,50491.180000000015,87526.41
2010,10,15,4,0,2291,87526.41,57949.72,54453.87,53855.40285714286,65163.36000000001,54917.81
2010,10,17,6,1,2717,54917.81,87526.41,60336.02,53921.67999999999,66797.98,33361.71
2010,10,18,0,0,2744,33361.71,54917.81,23197.98,50068.20714285714,58601.976666666684,41548.22
2010,10,19,1,0,2254,41548.22,33361.71,43509.87,52689.67,43275.91333333334,50068.89
2010,10,20,2,0,2438,50068.89,41548.22,50013.95,53626.672857142854,41659.60666666668,45915.42
2010,10,21,3,0,2136,45915.42,50068.89,57949.72,53041.16857142857,45844.17666666667,39249.51
2010,10,22,4,0,2120,39249.51,45915.42,87526.41,50369.71,45077.94000000001,41150.03
2010,10,24,6,1,2386,41150.03,39249.51,54917.81,43744.51285714286,42104.98666666667,28877.25
2010,10,25,0,0,1887,28877.25,41150.03,33361.71,40024.43285714286,36425.59666666668,29496.94
2010,10,26,1,0,2493,29496.94,28877.25,41548.22,39472.322857142855,33174.74000000001,46073.36
2010,10,27,2,0,1827,46073.36,29496.94,50068.89,40118.77142857143,34815.85000000001,32986.1
2010,10,28,3,0,1576,32986.1,46073.36,45915.42,37678.37285714286,36185.466666666674,34490.35
2010,10,29,4,0,1933,34490.35,32986.1,39249.51,36046.219999999994,37849.936666666676,47284.2
2010,10,31,6,1,2682,47284.2,34490.35,41150.03,37194.032857142854,38253.55000000001,30358.7
2010,11,1,0,0,2157,30358.7,47284.2,28877.25,35652.41428571429,37377.75000000001,29629.93
2010,11,2,1,0,2224,29629.93,30358.7,29496.94,35759.94,35757.61000000001,45082.39
2010,11,3,2,0,2031,45082.39,29629.93,46073.36,37986.43285714286,35023.67333333335,45438.9
2010,11,4,3,0,3625,45438.9,45082.39,32986.1,37895.79571428571,40050.40666666668,90056.29
2010,11,5,4,0,1919,90056.29,45438.9,34490.35,46048.68,60192.52666666667,46639.15
2010,11,7,6,1,2811,46639.15,90056.29,47284.2,47784.22285714286,60711.44666666668,32024.41
2010,11,8,0,0,2585,32024.41,46639.15,30358.7,45604.25285714286,56239.95000000001,90952.91100000001
2010,11,9,1,0,2826,90952.91100000001,32024.41,29629.93,54260.56871428571,56538.823666666685,66381.06
2010,11,10,2,0,3599,66381.06,90952.91100000001,45082.39,59510.73014285714,63119.46033333335,80244.63
2010,11,11,3,0,3208,80244.63,66381.06,45438.9,64533.90728571428,79192.86700000001,64240.98
2010,11,12,4,0,3052,64240.98,80244.63,90056.29,67219.91871428573,70288.89000000003,50851.12
2010,11,14,6,1,2908,50851.12,64240.98,46639.15,61619.18014285715,65112.24333333335,29452.88
2010,11,15,0,0,3725,29452.88,50851.12,32024.41,59163.99871428572,48181.66000000001,105185.54000000001
2010,11,16,1,0,3282,105185.54000000001,29452.88,90952.91100000001,69615.58871428571,61829.84666666668,73090.41
2010,11,17,2,0,2840,73090.41,105185.54000000001,66381.06,67063.80285714286,69242.94333333336,51724.561
2010,11,18,3,0,2877,51724.561,73090.41,80244.63,64970.01728571429,76666.83700000001,45066.24
2010,11,19,4,0,2509,45066.24,51724.561,64240.98,59944.533,56627.070333333344,48044.49
2010,11,21,6,1,3248,48044.49,45066.24,50851.12,57630.74871428571,48278.430333333345,32448.6
2010,11,22,0,0,3254,32448.6,48044.49,29452.88,55001.817285714285,41853.110000000015,43278.66
2010,11,23,1,0,3581,43278.66,32448.6,105185.54000000001,56976.928714285714,41257.25000000002,58561.66
2010,11,24,2,0,3344,58561.66,43278.66,73090.41,50316.374428571435,44762.97333333335,61907.52
2010,11,25,3,0,3476,61907.52,58561.66,51724.561,48718.81871428571,54582.61333333334,72511.2
2010,11,26,4,0,2590,72511.2,61907.52,45066.24,51688.33857142857,64326.79333333334,40570.95
2010,11,28,6,1,2586,40570.95,72511.2,48044.49,51046.154285714285,58329.890000000014,27594.86
2010,11,29,0,0,3916,27594.86,40570.95,32448.6,48124.77857142857,46892.33666666668,79264.06
2010,11,30,1,0,2291,79264.06,27594.86,43278.66,54812.701428571425,49143.290000000015,60029.08
2010,12,1,2,0,6144,60029.08,79264.06,58561.66,57205.618571428575,55629.33333333335,117921.58
2010,12,2,3,0,4126,117921.58,60029.08,61907.52,65685.60714285714,85738.24000000002,95496.76
2010,12,3,4,0,4310,95496.76,117921.58,72511.2,70484.06999999999,91149.14000000001,93887.42
2010,12,5,6,1,5416,93887.42,95496.76,40570.95,73537.81571428571,102435.25333333334,63549.9
2010,12,6,0,0,7632,63549.9,93887.42,27594.86,76820.52285714286,84311.36,109660.92
2010,12,7,1,0,5724,109660.92,63549.9,79264.06,88544.24571428572,89032.74666666669,199236.4
2010,12,8,2,0,5130,199236.4,109660.92,60029.08,105683.15142857142,124149.07333333336,90779.96
2010,12,9,3,0,5550,90779.96,199236.4,117921.58,110076.13428571427,133225.76,107172.36
2010,12,10,4,0,2681,107172.36,90779.96,95496.76,108540.53142857143,132396.24000000002,59182.92
2010,12,12,6,1,1439,59182.92,107172.36,93887.42,103352.84,85711.74666666669,17329.07
2010,12,13,0,0,2263,17329.07,59182.92,63549.9,92415.93285714286,61228.116666666676,38006.71
2010,12,14,1,0,2005,38006.71,17329.07,109660.92,88766.9057142857,38172.900000000016,45254.73
2010,12,15,2,0,1307,45254.73,38006.71,199236.4,79566.02142857143,33530.17000000002,30444.62
2010,12,16,3,0,1750,30444.62,45254.73,90779.96,55452.909999999996,37902.02000000002,49352.9
2010,12,17,4,0,3105,49352.9,30444.62,107172.36,49534.758571428574,41684.08333333335,45418.33
2010,12,19,6,1,518,45418.33,49352.9,59182.92,40712.75428571429,41738.61666666668,7534.91
2010,12,20,0,0,1671,7534.91,45418.33,17329.07,33334.467142857146,34102.04666666668,26789.13
2010,12,21,1,0,1559,26789.13,7534.91,38006.71,34685.904285714285,26580.79000000002,47304.090000000004
2010,12,22,2,0,222,47304.090000000004,26789.13,45254.73,36014.10142857143,27209.37666666669,6199.97
2010,12,23,3,0,944,6199.97,47304.090000000004,30444.62,30434.850000000002,26764.396666666686,12076.11
2011,1,4,1,0,1156,12076.11,6199.97,49352.9,27810.777142857143,21860.05666666669,16026.08
2011,1,5,2,0,1666,16026.08,12076.11,45418.33,23049.802857142855,11434.053333333353,32634.47
2011,1,6,3,0,1765,32634.47,16026.08,7534.91,21223.537142857145,20245.553333333355,40382.85
2011,1,7,4,0,1766,40382.85,32634.47,26789.13,25916.100000000002,29681.13333333335,28836.59
2011,1,9,6,1,1098,28836.59,40382.85,47304.090000000004,26208.594285714287,33951.30333333335,15778.2
2011,1,10,0,0,1951,15778.2,28836.59,6199.97,21704.895714285718,28332.546666666687,24569.07
2011,1,11,1,0,1395,24569.07,15778.2,12076.11,24329.052857142855,23061.286666666685,68655.59
2011,1,12,2,0,1783,68655.59,24569.07,16026.08,32411.835714285717,36334.28666666669,24693.78
2011,1,13,3,0,1433,24693.78,68655.59,32634.47,33650.07857142857,39306.14666666669,20624.64
2011,1,14,4,0,1493,20624.64,24693.78,40382.85,31934.388571428568,37991.336666666684,47576.9
2011,1,16,6,1,642,47576.9,20624.64,28836.59,32962.11,30965.10666666669,7242.06
2011,1,17,0,0,2551,7242.06,47576.9,15778.2,29877.17714285714,25147.866666666687,29333.02
2011,1,18,1,0,1427,29333.02,7242.06,24569.07,31813.579999999994,28050.66000000002,18794.45
2011,1,19,2,0,1407,18794.45,29333.02,68655.59,30988.634285714284,18456.51000000002,25934.57
2011,1,20,3,0,1477,25934.57,18794.45,24693.78,24885.63142857143,24687.34666666669,21246.99
2011,1,21,4,0,1532,21246.99,25934.57,20624.64,24393.23285714286,21992.003333333356,32640.3
2011,1,23,6,1,860,32640.3,21246.99,47576.9,26109.75571428571,26607.286666666685,10400.25
2011,1,24,0,0,1472,10400.25,32640.3,7242.06,20798.80571428571,21429.18000000002,25733.79
2011,1,25,1,0,1600,25733.79,10400.25,29333.02,23440.481428571427,22924.780000000017,29077.47
2011,1,26,2,0,1256,29077.47,25733.79,18794.45,23403.97428571429,21737.170000000016,19922.29
2011,1,27,3,0,1493,19922.29,29077.47,25934.57,23565.094285714287,24911.183333333352,23730.84
2011,1,28,4,0,895,23730.84,19922.29,21246.99,23250.27571428571,24243.533333333355,20090.65
2011,1,30,6,1,714,20090.65,23730.84,32640.3,23085.084285714285,21247.926666666688,6615.75
2011,1,31,0,0,1473,6615.75,20090.65,10400.25,19367.29142857143,16812.413333333356,23640.36
2011,2,1,1,0,1527,23640.36,6615.75,25733.79,21258.735714285714,16782.253333333352,29034.99
2011,2,2,2,0,1397,29034.99,23640.36,29077.47,21730.335714285717,19763.700000000023,21216.2
2011,2,3,3,0,978,21216.2,29034.99,19922.29,20607.297142857144,24630.51666666669,23479.83
2011,2,4,4,0,1202,23479.83,21216.2,23730.84,21115.51714285714,24577.006666666686,25162.19
2011,2,6,6,1,279,25162.19,23479.83,20090.65,21319.995714285713,23286.073333333352,3457.11
2011,2,7,0,0,1229,3457.11,25162.19,6615.75,18943.77571428572,17366.376666666685,25955.01
2011,2,8,1,0,1198,25955.01,3457.11,23640.36,21706.527142857143,18191.436666666687,20949.92
2011,2,9,2,0,877,20949.92,25955.01,29034.99,21322.178571428572,16787.346666666683,16692.58
2011,2,10,3,0,721,16692.58,20949.92,21216.2,19558.977142857144,21199.170000000016,14896.460000000001
2011,2,11,4,0,867,14896.460000000001,16692.58,23479.83,18656.15714285714,17512.98666666669,22873.1
2011,2,13,6,1,609,22873.1,14896.460000000001,25162.19,18569.481428571427,18154.046666666687,5713.63
2011,2,14,0,0,1087,5713.63,22873.1,3457.11,15791.115714285714,14494.396666666687,26703.51
2011,2,15,1,0,1314,26703.51,5713.63,25955.01,19112.03,18430.08000000002,39875.74
2011,2,16,2,0,1184,39875.74,26703.51,20949.92,21100.705714285716,24097.62666666669,24949.1
2011,2,17,3,0,1714,24949.1,39875.74,16692.58,21672.01714285714,30509.450000000015,26372.670000000002
2011,2,18,4,0,818,26372.670000000002,24949.1,14896.460000000001,23054.88714285714,30399.170000000016,16208.75
2011,2,20,6,1,859,16208.75,26372.670000000002,22873.1,23242.35714285714,22510.173333333354,9624.69
2011,2,21,0,0,1376,9624.69,16208.75,5713.63,21349.727142857144,17402.036666666685,36388.75
2011,2,22,1,0,1568,36388.75,9624.69,26703.51,25731.88714285714,20740.73000000002,32498.35
2011,2,23,2,0,1571,32498.35,36388.75,39875.74,26559.721428571425,26170.59666666669,26891.6
2011,2,24,3,0,1270,26891.6,32498.35,24949.1,24704.844285714287,31926.23333333335,22809.84
2011,2,25,4,0,970,22809.84,26891.6,26372.670000000002,24399.235714285714,27399.93000000002,20595.74
2011,2,27,6,1,810,20595.74,22809.84,16208.75,23573.96,23432.39333333335,9526.5
2011,2,28,0,0,1680,9526.5,20595.74,9624.69,22619.352857142858,17644.026666666687,21755.63
2011,3,1,1,0,1354,21755.63,9526.5,36388.75,24352.344285714287,17292.623333333355,26354.96
2011,3,2,2,0,891,26354.96,21755.63,32498.35,22918.945714285714,19212.363333333353,18690.79
2011,3,3,3,0,1337,18690.79,26354.96,26891.6,20946.437142857143,22267.12666666669,36404.0
2011,3,4,4,0,1099,36404.0,18690.79,22809.84,22305.351428571426,27149.916666666686,19506.8
2011,3,6,6,1,822,19506.8,36404.0,20595.74,21833.48857142857,24867.19666666669,10005.37
2011,3,7,0,0,1907,10005.37,19506.8,9526.5,20320.578571428574,21972.056666666685,32356.55
2011,3,8,1,0,1583,32356.55,10005.37,21755.63,23582.014285714286,20622.906666666688,25081.62
2011,3,9,2,0,1242,25081.62,32356.55,26354.96,24057.155714285713,22481.18000000002,22038.84
2011,3,10,3,0,1080,22038.84,25081.62,18690.79,23440.567142857144,26492.336666666688,26120.22
2011,3,11,4,0,940,26120.22,22038.84,36404.0,24501.914285714283,24413.560000000016,25475.18
2011,3,13,6,1,534,25475.18,26120.22,19506.8,22940.65428571429,24544.746666666688,4148.12
2011,3,14,0,0,1091,4148.12,25475.18,10005.37,20746.557142857146,18581.173333333354,26019.55
2011,3,15,1,0,1277,26019.55,4148.12,32356.55,23034.29714285714,18547.616666666687,23493.49
2011,3,16,2,0,863,23493.49,26019.55,25081.62,21768.145714285714,17887.053333333355,21948.36
2011,3,17,3,0,2017,21948.36,23493.49,22038.84,21320.537142857145,23820.466666666685,39904.94
2011,3,18,4,0,1309,39904.94,21948.36,26120.22,23872.837142857144,28448.930000000022,28171.79
2011,3,20,6,1,1444,28171.79,39904.94,25475.18,24165.918571428574,30008.363333333353,22153.49
2011,3,21,0,0,1040,22153.49,28171.79,4148.12,23691.391428571427,30076.74000000002,16715.52
2011,3,22,1,0,2346,16715.52,22153.49,26019.55,25486.734285714287,22346.93333333335,31515.579999999998
2011,3,23,2,0,1287,31515.579999999998,16715.52,23493.49,26271.88142857143,23461.530000000017,24091.67
2011,3,24,3,0,1544,24091.67,31515.579999999998,21948.36,26357.335714285717,24107.590000000015,36697.14
2011,3,25,4,0,1340,36697.14,24091.67,39904.94,28464.304285714286,30768.130000000016,31394.21
2011,3,27,6,1,715,31394.21,36697.14,28171.79,27248.485714285714,30727.67333333335,9241.35
2011,3,28,0,0,1633,9241.35,31394.21,22153.49,24544.13714285714,25777.566666666684,23176.72
2011,3,29,1,0,1941,23176.72,9241.35,16715.52,24690.312857142857,21270.760000000017,70711.92
2011,3,30,2,0,1531,70711.92,23176.72,31515.579999999998,32404.08428571428,34376.66333333335,31885.28
2011,3,31,3,0,1636,31885.28,70711.92,24091.67,32456.89857142857,41924.640000000014,34335.9
2011,4,1,4,0,1222,34335.9,31885.28,36697.14,33920.36,45644.366666666676,25667.510000000002
2011,4,3,6,1,725,25667.510000000002,34335.9,31394.21,32344.698571428573,30629.563333333354,6943.15
2011,4,4,0,0,1656,6943.15,25667.510000000002,9241.35,28851.690000000002,22315.52000000002,33254.24
2011,4,5,1,0,1135,33254.24,6943.15,23176.72,32282.102857142858,21954.966666666685,30144.77
2011,4,6,2,0,1070,30144.77,33254.24,70711.92,33277.53857142857,23447.386666666687,17362.36
2011,4,7,3,0,1500,17362.36,30144.77,31885.28,25656.172857142858,26920.456666666683,18512.89
2011,4,8,4,0,1368,18512.89,17362.36,34335.9,23745.831428571426,22006.673333333354,25295.64
2011,4,10,6,1,933,25295.64,18512.89,25667.510000000002,22454.365714285716,20390.296666666687,9913.98
2011,4,11,0,0,1223,9913.98,25295.64,6943.15,20203.861428571425,17907.503333333352,22353.27
2011,4,12,1,0,1111,22353.27,9913.98,33254.24,22405.307142857142,19187.63000000002,25570.3
2011,4,13,2,0,1021,25570.3,22353.27,30144.77,21307.601428571426,19279.183333333352,24484.420000000002
2011,4,14,3,0,1547,24484.420000000002,25570.3,17362.36,20498.98,24135.996666666688,36104.07
2011,4,15,4,0,1480,36104.07,24484.420000000002,18512.89,23176.367142857143,28719.59666666669,28334.121
2011,4,17,6,1,966,28334.121,36104.07,25295.64,24579.400142857143,29640.870333333354,12725.5
2011,4,18,0,0,3131,12725.5,28334.121,9913.98,22783.665857142856,25721.23033333335,56026.18
2011,4,19,1,0,1860,56026.18,12725.5,22353.27,29371.122999999996,32361.93366666669,24338.7
2011,4,20,2,0,990,24338.7,56026.18,25570.3,29654.755857142856,31030.12666666669,28670.47
2011,4,21,3,0,1894,28670.47,24338.7,24484.420000000002,30097.63728571429,36345.11666666669,32615.63
2011,4,26,1,0,1865,32615.63,28670.47,36104.07,31259.238714285715,28541.60000000002,31047.43
2011,4,27,2,0,1268,31047.43,32615.63,28334.121,30536.861571428573,30777.843333333352,25942.44
2011,4,28,3,0,1131,25942.44,31047.43,12725.5,30195.192857142858,29868.50000000002,22501.55
2011,5,1,6,1,448,22501.55,25942.44,56026.18,31591.77142857143,26497.140000000018,6973.66
2011,5,3,1,0,1369,6973.66,22501.55,24338.7,24584.268571428573,18472.550000000017,35229.41
2011,5,4,2,0,1143,35229.41,6973.66,28670.47,26140.084285714285,21568.206666666683,27544.15
2011,5,5,3,0,1798,27544.15,35229.41,32615.63,25979.181428571428,23249.073333333352,29174.29
2011,5,6,4,0,2007,29174.29,27544.15,31047.43,25487.56142857143,30649.283333333355,36126.35
2011,5,8,6,1,1500,36126.35,29174.29,25942.44,26213.12142857143,30948.26333333335,18867.4
2011,5,9,0,0,1750,18867.4,36126.35,22501.55,25202.40142857143,28056.01333333335,27899.71
2011,5,10,1,0,2532,27899.71,18867.4,6973.66,25973.567142857144,27631.15333333335,47819.98
2011,5,11,2,0,1662,47819.98,27899.71,35229.41,31808.755714285715,31529.030000000017,33687.25
2011,5,12,3,0,1927,33687.25,47819.98,27544.15,31588.447142857145,36468.98000000002,61903.09
2011,5,13,4,0,1418,61903.09,33687.25,29174.29,36496.86714285715,47803.440000000024,30749.95
2011,5,15,6,1,809,30749.95,61903.09,36126.35,36721.96142857143,42113.430000000015,9924.28
2011,5,16,0,0,1584,9924.28,30749.95,18867.4,32978.80857142857,34192.44000000001,39651.28
2011,5,17,1,0,1801,39651.28,9924.28,27899.71,35947.934285714284,26775.170000000016,55151.99
2011,5,18,2,0,1343,55151.99,39651.28,47819.98,39841.11714285715,34909.18333333335,34483.44
2011,5,19,3,0,1888,34483.44,55151.99,33687.25,37935.897142857146,43095.570000000014,35599.35
2011,5,20,4,0,1104,35599.35,34483.44,61903.09,38209.05428571429,41744.92666666669,26718.17
2011,5,22,6,1,1553,26718.17,35599.35,30749.95,33182.637142857144,32266.986666666682,24231.09
2011,5,23,0,0,1564,24231.09,26718.17,9924.28,32251.371428571427,28849.53666666668,34685.6
2011,5,24,1,0,1698,34685.6,24231.09,39651.28,35788.70285714285,28544.95333333335,37660.04
2011,5,25,2,0,1291,37660.04,34685.6,55151.99,35504.24,32192.24333333335,24408.12
2011,5,26,3,0,946,24408.12,37660.04,34483.44,31112.25857142857,32251.253333333352,33497.03
2011,5,27,4,0,1132,33497.03,24408.12,35599.35,30971.342857142856,31855.06333333335,28442.03
2011,5,29,6,1,630,28442.03,33497.03,26718.17,29948.86857142857,28782.39333333335,7394.3
2011,5,31,1,0,1267,7394.3,28442.03,24231.09,27188.315714285713,23111.120000000014,22714.06
2011,6,1,2,0,1418,22714.06,7394.3,34685.6,26971.597142857143,19516.796666666683,20595.69
2011,6,2,3,0,1539,20595.69,22714.06,37660.04,24958.752857142856,16901.350000000017,32826.14
2011,6,3,4,0,847,32826.14,20595.69,24408.12,24268.195714285714,25378.630000000016,16913.25
2011,6,5,6,1,1555,16913.25,32826.14,33497.03,23197.5,23445.026666666683,25639.54
2011,6,6,0,0,1175,25639.54,16913.25,28442.03,22075.00142857143,25126.310000000016,17789.07
2011,6,7,1,0,1891,17789.07,25639.54,7394.3,20553.149999999998,20113.95333333335,37957.72
2011,6,8,2,0,2297,37957.72,17789.07,22714.06,24919.35285714286,27128.776666666683,43264.33
2011,6,9,3,0,1816,43264.33,37957.72,20595.69,27855.105714285717,33003.70666666669,46389.1
2011,6,10,4,0,1018,46389.1,43264.33,32826.14,31539.878571428573,42537.05000000001,62234.44
2011,6,12,6,1,1068,62234.44,46389.1,16913.25,35741.06428571429,50629.290000000015,12517.06
2011,6,13,0,0,1404,12517.06,62234.44,25639.54,35113.037142857145,40380.20000000001,22457.21
2011,6,14,1,0,1574,22457.21,12517.06,17789.07,34658.41857142857,32402.90333333335,40474.01
2011,6,15,2,0,1671,40474.01,22457.21,37957.72,37899.124285714286,25149.42666666668,49097.99
2011,6,16,3,0,1501,49097.99,40474.01,43264.33,39490.59142857143,37343.070000000014,34584.68
2011,6,17,4,0,939,34584.68,49097.99,46389.1,38250.64142857143,41385.56000000002,21076.17
2011,6,19,6,1,1157,21076.17,34584.68,62234.44,34634.508571428574,34919.61333333335,22442.18
2011,6,20,0,0,1974,22442.18,21076.17,12517.06,28949.899999999998,26034.34333333335,37514.98
2011,6,21,1,0,1452,37514.98,22442.18,22457.21,32521.03142857143,27011.110000000015,24784.37
2011,6,22,2,0,1008,24784.37,37514.98,40474.01,32853.48285714286,28247.17666666668,21825.99
2011,6,23,3,0,1947,21825.99,24784.37,49097.99,30189.48,28041.780000000017,25242.82
2011,6,24,4,0,1024,25242.82,21825.99,34584.68,26781.59857142857,23951.060000000016,19521.96
2011,6,26,6,1,667,19521.96,25242.82,21076.17,24629.78142857143,22196.92333333335,7082.49
2011,6,27,0,0,1155,7082.49,19521.96,22442.18,22630.684285714287,17282.423333333347,17015.76
2011,6,28,1,0,957,17015.76,7082.49,37514.98,21855.481428571427,14540.070000000014,35607.32
2011,6,29,2,0,1314,35607.32,17015.76,24784.37,21582.95857142857,19901.85666666668,22088.32
2011,6,30,3,0,1609,22088.32,35607.32,21825.99,21197.808571428573,24903.800000000017,44797.31
2011,7,1,4,0,975,44797.31,22088.32,25242.82,24479.425714285717,34164.31666666668,13675.06
2011,7,3,6,1,598,13675.06,44797.31,19521.96,22826.88857142857,26853.563333333343,6032.39
2011,7,4,0,0,2184,6032.39,13675.06,7082.49,20899.807142857142,21501.58666666668,44652.83
2011,7,5,1,0,2171,44652.83,6032.39,17015.76,26266.99857142857,21453.42666666668,40758.43
2011,7,6,2,0,1794,40758.43,44652.83,35607.32,29658.808571428573,30481.216666666685,26387.54
2011,7,7,3,0,1892,26387.54,40758.43,22088.32,28341.697142857145,37266.266666666685,32445.71
2011,7,8,4,0,1577,32445.71,26387.54,44797.31,29821.324285714283,33197.226666666684,27082.1
2011,7,10,6,1,815,27082.1,32445.71,13675.06,27290.579999999998,28638.45000000001,5993.87
2011,7,11,0,0,1487,5993.87,27082.1,6032.39,26193.26714285714,21840.560000000016,22605.02
2011,7,12,1,0,1645,22605.02,5993.87,44652.83,28560.785714285714,18560.330000000013,26262.55
2011,7,13,2,0,1610,26262.55,22605.02,40758.43,25933.602857142858,18287.146666666682,22641.94
2011,7,14,3,0,1661,22641.94,26262.55,26387.54,23345.532857142854,23836.503333333345,33602.13
2011,7,15,4,0,1115,33602.13,22641.94,32445.71,24376.188571428567,27502.20666666668,14836.43
2011,7,17,6,1,1246,14836.43,33602.13,27082.1,21860.57714285714,23693.50000000001,17194.56
2011,7,18,0,0,2150,17194.56,14836.43,5993.87,20448.071428571428,21877.70666666668,38831.61
2011,7,19,1,0,1574,38831.61,17194.56,22605.02,25139.17714285714,23620.86666666668,50182.83
2011,7,20,2,0,1993,50182.83,38831.61,26262.55,29078.864285714284,35403.000000000015,33308.24
2011,7,21,3,0,1490,33308.24,50182.83,22641.94,30085.391428571427,40774.226666666684,32818.54
2011,7,22,4,0,1280,32818.54,33308.24,33602.13,31539.191428571423,38769.87000000002,20124.86
2011,7,24,6,1,1116,20124.86,32818.54,14836.43,29613.867142857143,28750.54666666668,27099.46
2011,7,25,0,0,1935,27099.46,20124.86,17194.56,31365.72857142857,26680.95333333335,26887.15
2011,7,26,1,0,1226,26887.15,27099.46,38831.61,32750.384285714284,24703.82333333335,21644.261
2011,7,27,2,0,1221,21644.261,26887.15,50182.83,30295.048714285716,25210.29033333335,25602.93
2011,7,28,3,0,1502,25602.93,21644.261,33308.24,26783.634428571426,24711.447000000015,56269.74
2011,7,29,4,0,1118,56269.74,25602.93,32818.54,30063.848714285712,34505.64366666668,18790.4
2011,7,31,6,1,1270,18790.4,56269.74,20124.86,28059.828714285715,33554.35666666668,33490.61
2011,8,1,0,0,1188,33490.61,18790.4,27099.46,29969.221571428574,36183.58333333335,21388.92
2011,8,2,1,0,1332,21388.92,33490.61,26887.15,29153.43014285714,24556.64333333335,26580.6
2011,8,3,2,0,1518,26580.6,21388.92,21644.261,29109.63728571428,27153.376666666678,28113.14
2011,8,4,3,0,1782,28113.14,26580.6,25602.93,30033.76285714286,25360.886666666676,65502.21
2011,8,5,4,0,1442,65502.21,28113.14,56269.74,35733.659999999996,40065.31666666668,21538.58
2011,8,7,6,1,529,21538.58,65502.21,18790.4,30772.065714285713,38384.64333333335,7578.91
2011,8,8,0,0,1454,7578.91,21538.58,33490.61,29170.424285714285,31539.900000000012,23377.65
2011,8,9,1,0,1087,23377.65,7578.91,21388.92,27725.71571428571,17498.380000000016,27679.44
2011,8,10,2,0,1360,27679.44,23377.65,26580.6,28624.36142857143,19545.333333333347,28792.34
2011,8,11,3,0,1931,28792.34,27679.44,28113.14,28940.324285714283,26616.47666666668,72433.79
2011,8,12,4,0,1108,72433.79,28792.34,65502.21,35271.845714285715,42968.523333333345,32231.35
2011,8,14,6,1,538,32231.35,72433.79,21538.58,30518.865714285716,44485.82666666668,5718.57
2011,8,15,0,0,917,5718.57,32231.35,7578.91,28258.864285714284,36794.570000000014,17243.97
2011,8,16,1,0,1018,17243.97,5718.57,23377.65,29639.58714285714,18397.963333333348,19239.66
2011,8,17,2,0,1650,19239.66,17243.97,27679.44,29048.445714285714,14067.400000000014,53499.96
2011,8,18,3,0,1485,53499.96,19239.66,28792.34,32737.09142857143,29994.530000000017,54106.93
2011,8,19,4,0,811,54106.93,53499.96,72433.79,36353.46142857143,42282.18333333335,17349.59
2011,8,21,6,1,1065,17349.59,54106.93,32231.35,28484.29,41652.16000000001,14576.86
2011,8,22,0,0,1267,14576.86,17349.59,5718.57,25962.219999999998,28677.79333333335,29651.46
2011,8,23,1,0,1434,29651.46,14576.86,17243.97,29381.204285714284,20525.970000000016,25993.68
2011,8,24,2,0,1818,25993.68,29651.46,19239.66,30631.16285714286,23407.333333333354,49035.36
2011,8,25,3,0,1261,49035.36,25993.68,53499.96,34887.69142857143,34893.50000000002,23827.46
2011,8,26,4,0,918,23827.46,49035.36,54106.93,30648.762857142858,32952.166666666686,25626.44
2011,8,28,6,1,1196,25626.44,23827.46,17349.59,26580.12142857143,32829.75333333335,10805.03
2011,8,30,1,0,3216,10805.03,25626.44,14576.86,25645.184285714287,20086.31000000002,31866.31
2011,8,31,2,0,1158,31866.31,10805.03,29651.46,28115.105714285717,22765.926666666684,25380.17
2011,9,1,3,0,1398,25380.17,31866.31,25993.68,27504.921428571426,22683.836666666684,37370.15
2011,9,2,4,0,2328,37370.15,25380.17,49035.36,29130.131428571425,31538.87666666669,42322.02
2011,9,4,6,1,1333,42322.02,37370.15,23827.46,28171.08285714286,35024.11333333335,17119.59
2011,9,5,0,0,1565,17119.59,42322.02,25626.44,27212.815714285713,32270.586666666684,37157.14
2011,9,6,1,0,1122,37157.14,17119.59,10805.03,28860.058571428566,32199.583333333354,28349.91
2011,9,7,2,0,2078,28349.91,37157.14,31866.31,31366.469999999998,27542.21333333335,34413.53
2011,9,8,3,0,1748,34413.53,28349.91,25380.17,31730.358571428573,33306.86000000002,27195.8
2011,9,9,4,0,1558,27195.8,34413.53,37370.15,31989.734285714287,29986.413333333356,30075.62
2011,9,11,6,1,2027,30075.62,27195.8,42322.02,30947.65857142857,30561.65000000002,35511.67
2011,9,12,0,0,1633,35511.67,30075.62,17119.59,29974.75142857143,30927.696666666685,29738.33
2011,9,13,1,0,2422,29738.33,35511.67,37157.14,31777.428571428572,31775.206666666683,55117.05
2011,9,14,2,0,1332,55117.05,29738.33,28349.91,34343.13,40122.35000000002,23592.98
2011,9,15,3,0,2150,23592.98,55117.05,34413.53,33663.56857142857,36149.45333333335,78218.95
2011,9,16,4,0,1438,78218.95,23592.98,27195.8,39921.485714285714,52309.66000000001,27724.22
2011,9,18,6,1,1272,27724.22,78218.95,30075.62,39996.974285714285,43178.71666666668,15745.73
2011,9,19,0,0,1383,15745.73,27724.22,35511.67,37949.84714285714,40562.96666666668,49269.88
2011,9,20,1,0,1708,49269.88,15745.73,29738.33,39915.305714285714,30913.276666666687,109612.03
2011,9,21,2,0,3024,109612.03,49269.88,55117.05,51325.83428571428,58209.213333333355,48560.68
2011,9,22,3,0,2672,48560.68,109612.03,23592.98,50389.21000000001,69147.53000000001,59354.79
2011,9,23,4,0,2587,59354.79,48560.68,78218.95,55498.03999999999,72509.16666666669,40601.75
2011,9,25,6,1,1980,40601.75,59354.79,27724.22,50124.154285714285,49505.74000000002,31372.661
2011,9,26,0,0,1527,31372.661,40601.75,15745.73,50645.36014285714,43776.40033333335,29335.171
2011,9,27,1,0,1845,29335.171,31372.661,49269.88,52586.708857142854,33769.86066666668,36322.95
2011,9,28,2,0,2830,36322.95,29335.171,109612.03,50737.14742857143,32343.594000000016,43749.06
2011,9,29,3,0,2460,43749.06,36322.95,48560.68,41328.15171428571,36469.06033333335,46401.45
2011,9,30,4,0,1841,46401.45,43749.06,59354.79,41019.690285714285,42157.820000000014,44357.06
2011,10,2,6,1,1426,44357.06,46401.45,40601.75,38877.15742857142,44835.85666666669,11634.53
2011,10,3,0,0,2268,11634.53,44357.06,31372.661,34738.98314285714,34131.01333333335,66376.82
2011,10,4,1,0,2759,66376.82,11634.53,29335.171,39739.57728571428,40789.47000000002,48810.65
2011,10,5,2,0,2386,48810.65,66376.82,36322.95,42521.78857142857,42274.00000000002,75593.63
2011,10,6,3,0,2929,75593.63,48810.65,43749.06,48131.88571428571,63593.70000000002,62891.19
2011,10,7,4,0,2355,62891.19,75593.63,46401.45,50866.475714285705,62431.823333333356,53790.7
2011,10,9,6,1,1261,53790.7,62891.19,44357.06,51922.08285714286,64091.840000000026,12524.4
2011,10,10,0,0,3158,12524.4,53790.7,11634.53,47374.560000000005,43068.76333333335,48239.18
2011,10,11,1,0,2413,48239.18,12524.4,66376.82,52603.79571428571,38184.76000000002,52572.94
2011,10,12,2,0,2026,52572.94,48239.18,48810.65,50631.81285714286,37778.84000000002,32159.28
2011,10,13,3,0,2297,32159.28,52572.94,75593.63,48253.045714285705,44323.800000000025,37446.18
2011,10,14,4,0,1775,37446.18,32159.28,62891.19,42803.409999999996,40726.13333333335,36347.64
2011,10,16,6,1,1247,36347.64,37446.18,53790.7,39011.474285714285,35317.70000000002,22010.96
2011,10,17,0,0,2901,22010.96,36347.64,12524.4,34471.51142857143,31934.926666666684,52062.2
2011,10,18,1,0,2853,52062.2,22010.96,48239.18,40119.76857142857,36806.93333333335,45332.16
2011,10,19,2,0,2270,45332.16,52062.2,52572.94,39704.479999999996,39801.77333333335,42573.36
2011,10,20,3,0,2312,42573.36,45332.16,32159.28,38275.96857142857,46655.906666666684,61122.9
2011,10,21,4,0,1386,61122.9,42573.36,37446.18,42413.62857142858,49676.140000000014,63226.64
2011,10,23,6,1,1724,63226.64,61122.9,36347.64,46096.55142857142,55640.96666666668,12339.16
2011,10,24,0,0,2841,12339.16,63226.64,22010.96,42666.76857142857,45562.90000000002,48752.91
2011,10,25,1,0,2450,48752.91,12339.16,52062.2,46487.04714285715,41439.57000000002,41314.64
2011,10,26,2,0,1908,41314.64,48752.91,45332.16,44951.68142857143,34135.57000000002,38059.43
2011,10,27,3,0,2478,38059.43,41314.64,42573.36,43912.719999999994,42708.993333333354,57291.72
2011,10,28,4,0,1610,57291.72,38059.43,61122.9,46015.34285714286,45555.26333333336,40565.7
2011,10,30,6,1,2901,40565.7,57291.72,63226.64,43078.6,45305.61666666669,34571.23
2011,10,31,0,0,3370,34571.23,40565.7,12339.16,38984.969999999994,44142.88333333336,57369.15
2011,11,1,1,0,1733,57369.15,34571.23,48752.91,45417.82571428571,44168.69333333336,29155.15
2011,11,2,2,0,2579,29155.15,57369.15,41314.64,42618.14571428572,40365.17666666669,45888.340000000004
2011,11,3,3,0,2378,45888.340000000004,29155.15,38059.43,43271.531428571434,44137.54666666669,63561.49
2011,11,4,4,0,2906,63561.49,45888.340000000004,57291.72,46914.68285714286,46201.660000000025,62977.36
2011,11,6,6,1,3426,62977.36,63561.49,40565.7,47726.91714285714,57475.73000000002,42946.340000000004
2011,11,7,0,0,2047,42946.340000000004,62977.36,34571.23,48067.00857142858,56495.06333333335,85881.81
2011,11,8,1,0,3978,85881.81,42946.340000000004,57369.15,55397.09142857143,63935.17000000002,57700.24
2011,11,9,2,0,2690,57700.24,85881.81,29155.15,55444.39000000001,62176.13000000001,66127.57
2011,11,10,3,0,3196,66127.57,57700.24,45888.340000000004,60726.16428571429,69903.20666666668,71008.26
2011,11,11,4,0,4070,71008.26,66127.57,63561.49,64314.72428571428,64945.35666666669,55257.17
2011,11,13,6,1,2993,55257.17,71008.26,62977.36,63128.392857142855,64131.00000000002,34069.92
2011,11,14,0,0,3521,34069.92,55257.17,42946.340000000004,58998.758571428574,53445.116666666676,114419.89
2011,11,15,1,0,3396,114419.89,34069.92,85881.81,69209.2657142857,67915.66000000002,60807.29
2011,11,16,2,0,4143,60807.29,114419.89,57700.24,65627.19142857143,69765.70000000003,65958.17
2011,11,17,3,0,3574,65958.17,60807.29,66127.57,66806.89571428571,80395.11666666668,61103.13
2011,11,18,4,0,2814,61103.13,65958.17,71008.26,66089.11857142857,62622.86333333335,51275.39
2011,11,20,6,1,3317,51275.39,61103.13,55257.17,63270.137142857144,59445.56333333335,35058.57
2011,11,21,0,0,2883,35058.57,51275.39,34069.92,60384.62285714286,49145.69666666669,49805.72
2011,11,22,1,0,3899,49805.72,35058.57,114419.89,62632.59428571428,45379.89333333335,64089.82
2011,11,23,2,0,3562,64089.82,49805.72,60807.29,55442.58428571429,49651.370000000024,80104.18
2011,11,24,3,0,3691,80104.18,64089.82,65958.17,58199.282857142854,64666.573333333356,50978.63
2011,11,25,4,0,3087,50978.63,80104.18,61103.13,56059.34857142857,65057.54333333336,50822.73
2011,11,27,6,1,2532,50822.73,50978.63,51275.39,54590.719999999994,60635.180000000015,20611.08
2011,11,28,0,0,3304,20611.08,50822.73,35058.57,50210.10428571428,40804.14666666669,57165.19
2011,11,29,1,0,4292,57165.19,20611.08,49805.72,53368.192857142865,42866.33333333335,72595.93
2011,11,30,2,0,3358,72595.93,57165.19,64089.82,56623.93714285714,50124.06666666669,60126.96
2011,12,1,3,0,2813,60126.96,72595.93,80104.18,56057.81428571429,63296.02666666668,52197.25
2011,12,2,4,0,2826,52197.25,60126.96,50978.63,52071.11,61640.04666666668,57664.07
2011,12,4,6,1,2031,57664.07,52197.25,50822.73,53026.172857142854,56662.76000000002,24621.43
2011,12,5,0,0,5297,24621.43,57664.07,20611.08,49283.130000000005,44827.58333333335,88741.96
2011,12,6,1,0,3262,88741.96,24621.43,57165.19,59016.11285714286,57009.15333333336,56713.21
2011,12,7,2,0,2390,56713.21,88741.96,72595.93,58951.544285714284,56692.20000000002,75439.16
2011,12,8,3,0,4867,75439.16,56713.21,60126.96,59357.72000000001,73631.44333333336,82495.0
2011,12,9,4,0,1625,82495.0,75439.16,52197.25,62553.15428571428,71549.12333333335,32469.0
